,seq type,masked index number,total number of tokens,masked token,predicted token,score
0,exon,102,106,TTGAAAA,TT,0.209
1,exon,51,106,CCGG,CCGG,0.956
2,exon,92,109,CC,CC,0.207
3,exon,14,105,ACATCC,CG,0.199
4,exon,71,103,AAGTG,CTG,0.108
5,exon,60,118,tgag,agcc,0.044
6,exon,20,106,CATGGGG,CGG,0.299
7,exon,102,108,CAGCTG,CC,0.105
8,exon,82,116,AACTG,CGG,0.067
9,exon,86,107,ATTTAA,TTAA,0.089
10,exon,74,106,CTG,CG,0.49
11,exon,74,107,CTCATT,AT,0.046
12,exon,87,107,tctccc,tcccc,0.263
13,exon,99,105,CTCAA,c,0.057
14,exon,103,118,acagag,acagag,0.637
15,exon,23,107,TGGCTCC,AA,0.161
16,exon,2,104,CTCT,ACG,0.08
17,exon,21,110,ACT,CG,0.096
18,exon,52,109,CTG,CG,0.252
19,exon,1,111,TGTGG,GGG,0.119
20,exon,87,108,CTCTTGG,CGG,0.161
21,exon,29,104,CTGAG,c,0.157
22,exon,37,102,aggaa,t,0.121
23,exon,1,104,CCTCCG,c,0.047
24,exon,63,114,AGTTGG,AGTTGG,0.968
25,exon,59,103,atatt,taa,0.071
26,exon,20,109,CCGCC,TG,0.165
27,exon,32,107,ACT,CG,0.14
28,exon,75,106,ATCC,ATCC,0.994
29,exon,57,110,ACTATG,AT,0.458
30,exon,21,106,CCCCG,CCG,0.167
31,exon,107,112,CTTATG,CCG,0.061
32,exon,88,105,CAGAA,TAGG,0.036
33,exon,48,110,CAAGG,CCG,0.149
34,exon,90,104,CACTAA,CCG,0.12
35,exon,58,107,TGGCTT,CC,0.167
36,exon,41,118,AGGG,CGG,0.128
37,exon,91,103,CTGTTGG,ATG,0.073
38,exon,59,106,TCA,CG,0.229
39,exon,79,110,CGCAG,CGG,0.335
40,exon,14,106,TCC,CC,0.15
41,exon,61,108,AAGAAG,TAT,0.131
42,exon,61,108,CCACC,CGCC,0.17
43,exon,46,112,TACC,CG,0.218
44,exon,61,107,aaagg,aaaa,0.098
45,exon,50,108,CACAG,AT,0.04
46,exon,54,102,CACTGGG,TCA,0.274
47,exon,63,106,TAGCTG,CCG,0.065
48,exon,2,109,CAAAG,CCG,0.079
49,exon,100,104,tttttttt,ag,0.398
50,exon,50,106,aggc,gg,0.241
51,exon,6,109,CCTT,ACG,0.107
52,exon,20,106,AGG,ATT,0.056
53,exon,72,111,TAGACT,ACT,0.079
54,exon,38,109,TCCTG,CG,0.193
55,exon,17,106,agtctc,agtctc,0.834
56,exon,3,110,TTCTG,TT,0.788
57,exon,88,116,TCCG,TCT,0.066
58,exon,59,104,CCTCC,G,0.378
59,exon,13,102,CCTT,AT,0.163
60,exon,8,105,CTTG,GGG,0.112
61,exon,89,103,CAAGATG,CCG,0.155
62,exon,52,110,CGCTG,CCG,0.207
63,exon,1,110,CCCC,CG,0.393
64,exon,83,109,ACAGTG,CG,0.166
65,exon,91,110,CGG,TCT,0.047
66,exon,59,107,tctc,tctc,0.978
67,exon,70,107,ATTTG,TAT,0.062
68,exon,43,106,ATAT,CTT,0.445
69,exon,7,105,AAAGCC,ATG,0.078
70,exon,46,107,TAG,ATGG,0.07
71,exon,34,107,CGCG,TCG,0.103
72,exon,77,110,AATT,CG,0.159
73,exon,80,105,ACG,ACG,0.047
74,exon,35,103,TCGGGG,GG,0.178
75,exon,49,102,CTGG,CG,0.188
76,exon,103,104,CTCTT,T,0.279
77,exon,3,109,CCAG,CG,0.098
78,exon,1,99,ACTGTT,G,0.316
79,exon,5,110,TCACC,CCG,0.163
80,exon,53,104,ACTTG,c,0.074
81,exon,105,109,CTTG,CG,0.169
82,exon,3,106,ACATAAG,TAT,0.097
83,exon,53,109,TAACTG,CTT,0.164
84,exon,92,109,ATT,AA,0.305
85,exon,62,112,ACATAG,AG,0.162
86,exon,17,110,ATG,CG,0.117
87,exon,89,108,CTCA,ACA,0.092
88,exon,43,105,TCAG,CG,0.28
89,exon,33,108,CTCCTGG,CC,0.244
90,exon,73,108,TAAG,ACG,0.098
91,exon,61,108,tttc,ac,0.111
92,exon,99,104,CCAT,TT,0.112
93,exon,13,106,CTCAA,a,0.145
94,exon,94,108,ACATTAG,ACG,0.132
95,exon,47,105,ATTCC,CG,0.151
96,exon,14,112,ttg,ttcg,0.253
97,exon,71,112,CTGGTG,CGG,0.078
98,exon,77,108,CAA,CG,0.217
99,exon,86,111,AGTAA,AAGG,0.028
100,exon,61,111,ttaa,taa,0.57
101,exon,39,107,CAGG,CG,0.131
102,exon,84,109,TTCC,TCC,0.092
103,exon,79,106,ATTCC,ACG,0.098
104,exon,81,104,CAAG,CG,0.165
105,exon,52,108,AAGGCC,ATT,0.086
106,exon,23,106,AGG,AG,0.23
107,exon,25,110,CGGG,GG,0.379
108,exon,88,110,ttcc,aag,0.063
109,exon,59,104,CTCT,GG,0.153
110,exon,108,109,T,A,0.335
111,exon,40,113,aa,a,0.322
112,exon,28,110,atat,taa,0.162
113,exon,14,113,CTCCG,TCG,0.106
114,exon,44,109,CGTAG,CG,0.513
115,exon,64,112,acac,acac,0.97
116,exon,88,109,CACCACC,CG,0.099
117,exon,70,102,CACTGG,CG,0.201
118,exon,8,108,AGAA,AT,0.542
119,exon,87,106,AATGCC,AA,0.344
120,exon,0,107,G,G,0.549
121,exon,7,107,TCTCATT,CGG,0.055
122,exon,87,108,ACCAG,TT,0.166
123,exon,62,103,AGGGG,CC,0.12
124,exon,10,102,aacc,gac,0.726
125,exon,80,105,gc,gc,0.296
126,exon,7,113,tttcc,ccc,0.196
127,exon,34,110,TTTCC,CCGG,0.063
128,exon,34,105,TGAT,g,0.217
129,exon,32,107,AGGTG,AGGTG,0.664
130,exon,4,113,CATCC,TAT,0.079
131,exon,105,106,ACAA,C,0.436
132,exon,102,119,agcc,agcc,0.981
133,exon,40,115,TCTG,CCG,0.13
134,exon,27,106,TAG,TAG,0.999
135,exon,6,102,CTAG,AT,0.484
136,exon,72,110,TTTTCC,ACT,0.072
137,exon,71,107,ACATGCC,GG,0.216
138,exon,11,109,CAAG,CG,0.253
139,exon,33,106,CTGG,CGG,0.155
140,exon,32,112,TCTTGG,CTCC,0.084
141,exon,47,113,CGGGGG,GGGG,0.297
142,exon,22,107,CTTCAA,GGG,0.216
143,exon,61,107,CTGGAG,g,0.056
144,exon,87,107,CCTG,CG,0.081
145,exon,36,108,GGGCC,CG,0.253
146,exon,98,107,AGGGAA,CG,0.546
147,exon,43,108,TGGCC,ACT,0.076
148,exon,103,120,TT,G,0.111
149,exon,85,107,AGGG,CTT,0.102
150,exon,90,110,CCTGG,AG,0.302
151,exon,34,108,CAAGTG,CC,0.233
152,exon,64,115,ttatt,taac,0.296
153,exon,98,105,CAGAA,TCG,0.07
154,exon,100,110,CCGTG,GG,0.177
155,exon,46,110,TATT,TGTT,0.415
156,exon,77,108,AGTGAG,CG,0.195
157,exon,2,108,aaaa,aag,0.289
158,exon,0,109,AGTTCC,G,0.623
159,exon,4,110,ACTT,TAA,0.056
160,exon,89,114,tgac,tgc,0.142
161,exon,13,103,CATCAA,g,0.103
162,exon,102,110,ACGG,TCG,0.141
163,exon,26,109,TAAGG,TCT,0.07
164,exon,8,106,CTCA,ATG,0.078
165,exon,78,105,TGGAA,a,0.081
166,exon,14,108,agaaaag,gg,0.959
167,exon,89,107,TTTT,CG,0.277
168,exon,41,108,CTACG,CTCG,0.093
169,exon,76,104,ATGG,TGG,0.058
170,exon,50,105,CCTTTCC,TAT,0.1
171,exon,62,106,TCTCG,CC,0.135
172,exon,95,114,CACTACC,CAA,0.122
173,exon,102,112,aacacc,aatgcc,0.341
174,exon,51,109,TCC,CG,0.403
175,exon,95,113,ATCATT,TGTG,0.026
176,exon,3,113,CCTGG,ACGG,0.117
177,exon,93,108,CAAAG,AT,0.189
178,exon,100,109,ACTT,TAT,0.232
179,exon,22,106,TCA,a,0.136
180,exon,102,103,CCCG,C,0.423
181,exon,108,114,ACTG,CCCC,0.14
182,exon,14,111,CAGG,TCA,0.035
183,exon,42,107,CCTG,ACG,0.089
184,exon,28,106,CAGGGG,CCG,0.267
185,exon,35,103,AAGG,TAT,0.087
186,exon,12,108,ATAAACC,CG,0.325
187,exon,31,101,AGAA,a,0.094
188,exon,70,111,TAAGATT,AG,0.385
189,exon,58,109,tttttcc,cc,0.315
190,exon,85,109,CTAAG,CG,0.436
191,exon,27,106,TGGTT,GG,0.063
192,exon,65,111,CTGCG,CG,0.262
193,exon,41,113,CTTCC,TAA,0.029
194,exon,44,108,CTTG,g,0.07
195,exon,61,104,tatc,tttg,0.195
196,exon,56,106,TAT,AT,0.674
197,exon,5,105,CTTCC,TGG,0.097
198,exon,27,107,CTCCTGG,CG,0.24
199,exon,27,113,CATTG,AG,0.277
200,exon,107,108,A,C,0.621
201,exon,43,111,CCCC,CG,0.204
202,exon,83,112,CTTTTTCC,CG,0.217
203,exon,29,121,gc,gc,0.967
204,exon,61,104,CCCG,CCCG,0.999
205,exon,74,104,CACAG,CG,0.263
206,exon,91,108,TATAGAG,CG,0.117
207,exon,88,109,CATGG,CCG,0.077
208,exon,102,108,CTCCCG,TTG,0.077
209,exon,61,108,TCCTG,t,0.131
210,exon,96,110,CAGGG,CCG,0.217
211,exon,0,118,agacc,c,0.543
212,exon,26,109,TCTT,CAA,0.133
213,exon,61,111,AGGTT,c,0.081
214,exon,76,107,ttc,ttc,0.302
215,exon,104,112,ACTAAAA,TCA,0.148
216,exon,2,105,CCTCC,TCG,0.102
217,exon,102,108,TCAG,AT,0.199
218,exon,69,115,tCC,t,0.294
219,exon,71,109,CAGG,GG,0.168
220,exon,26,105,TTTG,GG,0.146
221,exon,8,107,ATT,ATT,0.099
222,exon,61,108,TCCTCAG,AG,0.38
223,exon,36,103,gg,g,0.297
224,exon,96,108,agtg,agtg,0.342
225,exon,50,105,GGGG,g,0.146
226,exon,43,103,TGCCACC,TAT,0.07
227,exon,23,104,AAGTGGG,c,0.083
228,exon,78,109,TGGGAGG,CCG,0.13
229,exon,58,108,CATCC,c,0.113
230,exon,31,103,CACCAG,g,0.209
231,exon,95,110,gggc,gcc,0.633
232,exon,87,106,TCCAAG,AT,0.252
233,exon,104,107,CTCCG,CTGAA,0.113
234,exon,51,111,TACC,TAA,0.094
235,exon,61,109,CCCCG,g,0.275
236,exon,57,105,ACCATG,AA,0.066
237,exon,51,108,TGTTGG,c,0.365
238,exon,11,112,aac,aag,0.3
239,exon,38,110,ggg,g,0.2
240,exon,1,108,ATGG,TCAA,0.779
241,exon,2,102,CTTTG,CC,0.141
242,exon,100,112,CATCC,ATG,0.222
243,exon,55,108,TTGAG,CCCC,0.026
244,exon,80,113,TGGG,CG,0.073
245,exon,58,120,AAG,AAG,0.995
246,exon,1,111,AGCTT,TCC,0.118
247,exon,1,110,agac,agac,0.949
248,exon,91,106,AAATACC,CG,0.129
249,exon,53,106,TACC,g,0.166
250,exon,86,106,TCTG,AGG,0.044
251,exon,95,100,AATTCTG,c,0.077
252,exon,96,109,CATGAG,CG,0.253
253,exon,0,106,G,G,0.582
254,exon,18,107,CCGTCC,CCG,0.138
255,exon,1,111,CAAGG,TAA,0.056
256,exon,52,112,ttattg,tac,0.185
257,exon,43,107,CTGTATT,CG,0.14
258,exon,89,113,AG,AG,0.521
259,exon,31,105,CACAGG,c,0.296
260,exon,69,111,CAAAA,CAAAA,0.97
261,exon,31,108,CACC,CG,0.25
262,exon,67,107,TCTCCAA,ACG,0.088
263,exon,54,108,AGTGG,CGTG,0.163
264,exon,74,106,CATCTT,t,0.121
265,exon,55,108,CGTG,ATG,0.077
266,exon,16,114,tcacaa,aag,0.109
267,exon,37,104,CCGG,CCGG,0.928
268,exon,23,109,TTG,CG,0.252
269,exon,68,111,TACTTTT,CG,0.211
270,exon,97,113,ttttgg,g,0.432
271,exon,69,106,CGG,t,0.059
272,exon,85,111,CTTAG,CCAA,0.062
273,exon,10,113,ACTT,ACG,0.034
274,exon,15,108,TTTG,AT,0.143
275,exon,96,104,ATTTAG,CG,0.226
276,exon,72,104,AGAGAG,TGG,0.293
277,exon,58,106,ACAG,AT,0.136
278,exon,69,111,CTACAG,c,0.224
279,exon,79,109,TGTG,CGTG,0.485
280,exon,92,122,atcac,ag,0.041
281,exon,2,112,TGTGG,TG,0.438
282,exon,19,112,TGGAG,CGG,0.11
283,exon,58,108,CACAG,a,0.11
284,exon,35,110,CTGAG,CG,0.136
285,exon,18,113,CCACC,CGG,0.12
286,exon,89,106,CCG,AT,0.17
287,exon,66,112,TCCTT,CCG,0.087
288,exon,18,111,AAG,CTT,0.065
289,exon,19,113,CCG,CG,0.651
290,exon,95,107,TGAGG,CC,0.136
291,exon,70,101,ACT,TCA,0.055
292,exon,51,110,AGAA,ACG,0.139
293,exon,32,103,CTG,CG,0.391
294,exon,39,114,CGGGG,CGGGG,0.987
295,exon,38,105,tttat,c,0.642
296,exon,81,111,CTCTCTGG,CGG,0.2
297,exon,0,103,G,G,0.4
298,exon,10,106,CACCAGG,ACG,0.073
299,exon,91,119,ACGCGG,CG,0.269
300,intergenic,56,106,ataa,ataa,0.757
301,intergenic,88,112,ttaa,tgaa,0.353
302,intergenic,49,114,aaag,a,0.038
303,intergenic,22,108,CAGCG,ACG,0.073
304,intergenic,30,109,CAAAG,CG,0.282
305,intergenic,93,103,CCAGCTT,TATT,0.041
306,intergenic,41,108,TCA,ATT,0.07
307,intergenic,98,107,CTGCTT,AGAT,0.034
308,intergenic,6,106,tgc,gc,0.541
309,intergenic,15,106,gggg,gggg,0.398
310,intergenic,89,111,tatggc,tag,0.423
311,intergenic,59,110,ACTAA,AA,0.258
312,intergenic,112,119,tctaa,tctaa,0.737
313,intergenic,1,112,atggcc,tctt,0.174
314,intergenic,0,101,TGAGG,G,0.669
315,intergenic,47,109,AAAGCAA,TAT,0.092
316,intergenic,11,115,tggg,tggg,0.875
317,intergenic,68,109,tc,tc,0.986
318,intergenic,36,110,TCA,CG,0.085
319,intergenic,31,109,tatt,gg,0.243
320,intergenic,8,115,taaaa,ggg,0.091
321,intergenic,104,108,TCT,TAA,0.068
322,intergenic,98,107,ATAAAA,CG,0.127
323,intergenic,18,109,ttcctttt,ttc,0.561
324,intergenic,47,109,ac,ag,0.387
325,intergenic,79,108,tatttattg,gc,0.081
326,intergenic,2,111,agg,ggg,0.592
327,intergenic,19,102,CAGGG,a,0.052
328,intergenic,23,113,gc,gc,0.98
329,intergenic,53,105,AGTG,CC,0.216
330,intergenic,32,108,TCT,TCA,0.048
331,intergenic,23,111,tt,tt,0.799
332,intergenic,74,105,a,G,0.282
333,intergenic,71,110,tcacc,acac,0.289
334,intergenic,35,113,tctaag,tttg,0.055
335,intergenic,37,110,TTTTCC,CG,0.185
336,intergenic,103,105,AGGCCAG,CG,0.164
337,intergenic,83,109,gcc,gcc,0.888
338,intergenic,98,105,CACA,ACT,0.089
339,intergenic,88,103,atatttttt,tg,0.169
340,intergenic,98,109,TACAAAA,ACA,0.107
341,intergenic,24,107,ACTGTG,G,0.109
342,intergenic,92,98,TCAG,CTT,0.068
343,intergenic,17,108,ATGG,AT,0.639
344,intergenic,81,109,ACAAG,ACG,0.026
345,intergenic,65,113,AGAACAG,CG,0.097
346,intergenic,53,114,tttttcc,tttttcc,0.663
347,intergenic,34,104,AGCC,TTAA,0.046
348,intergenic,79,112,atg,att,0.239
349,intergenic,60,106,aagaa,aac,0.11
350,intergenic,40,104,tttc,ttg,0.186
351,intergenic,99,113,acagc,acagc,0.419
352,intergenic,32,104,AATTGG,ATAT,0.056
353,intergenic,67,108,CAGAA,G,0.092
354,intergenic,32,114,AACC,TAG,0.09
355,intergenic,13,111,TGTG,GGG,0.13
356,intergenic,20,107,ATGG,TAT,0.108
357,intergenic,47,106,ATCC,ACA,0.083
358,intergenic,19,113,tttt,gc,0.734
359,intergenic,7,109,CAA,ACC,0.144
360,intergenic,6,103,acttttc,actttc,0.677
361,intergenic,66,115,atG,ta,0.243
362,intergenic,16,110,CTTATT,CG,0.095
363,intergenic,32,104,CTAG,GG,0.215
364,intergenic,47,109,taaaataa,aaaa,0.218
365,intergenic,75,111,ataac,acc,0.122
366,intergenic,58,123,aggg,ag,0.08
367,intergenic,85,105,ATGTCT,C,0.241
368,intergenic,21,113,TTCC,CC,0.363
369,intergenic,29,109,CAAGAG,AATT,0.025
370,intergenic,37,112,TCT,CTT,0.069
371,intergenic,101,110,AAACC,CC,0.257
372,intergenic,108,113,CATTTCC,TAA,0.105
373,intergenic,50,109,ACAG,CG,0.114
374,intergenic,53,113,att,att,0.108
375,intergenic,7,110,TAAGG,AA,0.387
376,intergenic,26,110,ATCTG,AGAT,0.042
377,intergenic,26,113,aatt,g,0.312
378,intergenic,97,108,attttgc,taa,0.269
379,intergenic,20,108,ttattc,tc,0.308
380,intergenic,29,102,CAGTG,a,0.115
381,intergenic,96,110,CCG,ACG,0.065
382,intergenic,27,110,atccc,atccc,0.915
383,intergenic,63,104,atttttg,tatc,0.103
384,intergenic,96,105,aagtg,aa,0.137
385,intergenic,68,107,CATGG,a,0.079
386,intergenic,60,113,TTG,TAT,0.178
387,intergenic,47,111,actg,tgtg,0.261
388,intergenic,18,103,aaac,aaaa,0.412
389,intergenic,3,110,AAG,CG,0.178
390,intergenic,34,107,TAAG,AAG,0.09
391,intergenic,63,108,CCAG,CG,0.102
392,intergenic,48,105,TCG,GGG,0.033
393,intergenic,16,106,ATCTAT,AT,0.219
394,intergenic,43,103,aaacaaac,aaac,0.294
395,intergenic,91,112,AATGTT,TCT,0.105
396,intergenic,29,117,ttg,tgg,0.345
397,intergenic,92,106,agg,tg,0.129
398,intergenic,45,106,AGAGG,AA,0.375
399,intergenic,5,116,TT,G,0.191
400,intergenic,98,107,TAG,AAG,0.124
401,intergenic,104,115,AGAAAAG,ATAT,0.061
402,intergenic,36,106,ACCAG,TCA,0.119
403,intergenic,23,119,aac,taa,0.148
404,intergenic,92,114,tcagaa,tctc,0.137
405,intergenic,45,106,CTATTTT,TTAA,0.159
406,intergenic,52,113,AATT,CG,0.206
407,intergenic,94,119,atac,aaag,0.019
408,intergenic,98,115,TCT,TAT,0.085
409,intergenic,59,104,ATG,TT,0.155
410,intergenic,96,112,TTTT,ATAA,0.053
411,intergenic,62,107,AAGGGG,g,0.191
412,intergenic,84,107,TGGTT,CG,0.147
413,intergenic,31,106,TAA,ACG,0.105
414,intergenic,86,111,tggg,tggg,0.79
415,intergenic,32,104,agatc,agatc,0.784
416,intergenic,66,106,CTTTT,TCC,0.148
417,intergenic,17,104,ttcag,tag,0.139
418,intergenic,24,105,CACCAG,AG,0.3
419,intergenic,105,112,AGGG,t,0.242
420,intergenic,94,119,ttaaaa,tcaaaa,0.77
421,intergenic,53,109,TTGTG,TACT,0.079
422,intergenic,57,115,TAAATT,ACG,0.072
423,intergenic,66,108,CCCTG,AT,0.39
424,intergenic,103,116,attg,attg,0.584
425,intergenic,45,103,agagagag,ac,0.266
426,intergenic,23,111,taataaaa,tctc,0.046
427,intergenic,113,117,AGTTAG,TG,0.305
428,intergenic,31,106,ACT,AG,0.21
429,intergenic,46,113,CATG,TAT,0.18
430,intergenic,85,111,TGGG,AT,0.081
431,intergenic,22,113,ATGAGAA,ACT,0.2
432,intergenic,65,111,gg,gg,0.151
433,intergenic,26,105,TAg,c,0.151
434,intergenic,105,114,acttc,gc,0.183
435,intergenic,1,112,taag,c,0.149
436,intergenic,89,114,tac,taa,0.916
437,intergenic,16,108,tttt,G,0.25
438,intergenic,103,105,tgtctc,ttc,0.307
439,intergenic,32,106,TCC,AG,0.169
440,intergenic,8,103,AGAAG,CC,0.125
441,intergenic,42,113,CTGAA,TAT,0.33
442,intergenic,47,112,TACTTG,TTTT,0.03
443,intergenic,38,111,ACCAA,AT,0.398
444,intergenic,92,115,acacg,acatg,0.604
445,intergenic,41,115,ag,ag,0.937
446,intergenic,25,105,CACC,t,0.17
447,intergenic,98,111,ACTGGG,AG,0.238
448,intergenic,49,115,agtaa,ag,0.286
449,intergenic,24,106,aag,g,0.25
450,intergenic,23,113,ATGAA,ACA,0.094
451,intergenic,12,105,ttgg,ttgg,0.497
452,intergenic,59,117,AATT,TGAA,0.021
453,intergenic,6,102,tgg,tg,0.039
454,intergenic,56,103,CTAT,ACT,0.043
455,intergenic,35,107,ACC,CG,0.096
456,intergenic,44,107,tttatg,tag,0.161
457,intergenic,19,99,TTG,ATG,0.038
458,intergenic,64,102,CAAG,g,0.088
459,intergenic,7,112,TTTG,TTCC,0.04
460,intergenic,109,110,CTGCC,A,0.387
461,intergenic,15,109,TAGAA,ACG,0.1
462,intergenic,13,107,TGCTT,ACC,0.092
463,intergenic,75,105,CTGCTGG,GGG,0.365
464,intergenic,114,118,TTG,TGG,0.065
465,intergenic,86,108,tacc,tacc,0.985
466,intergenic,14,113,accc,accc,0.925
467,intergenic,91,107,TTTTTG,CG,0.074
468,intergenic,97,111,aatattc,cc,0.503
469,intergenic,65,96,CTCTCGG,A,0.266
470,intergenic,31,114,ACAAG,ATAA,0.061
471,intergenic,86,107,atttt,atttt,0.872
472,intergenic,62,115,TGGAAAA,AG,0.164
473,intergenic,85,110,agttcc,gc,0.133
474,intergenic,50,106,acttc,actttc,0.333
475,intergenic,24,109,CCTTGGG,ACG,0.038
476,intergenic,57,114,tg,tg,0.999
477,intergenic,62,114,tgac,agaag,0.28
478,intergenic,61,102,CACTG,TAG,0.073
479,intergenic,21,112,gtgg,cg,0.049
480,intergenic,57,109,TCG,CCG,0.116
481,intergenic,57,107,ttttc,c,0.285
482,intergenic,85,116,TCAGGG,CGG,0.178
483,intergenic,48,117,TGAG,TTTT,0.075
484,intergenic,51,110,ATTCTCC,ACA,0.086
485,intergenic,41,108,acac,g,0.254
486,intergenic,69,110,tt,tt,0.967
487,intergenic,14,99,AGGGG,TG,0.196
488,intergenic,53,112,agctgg,agctgg,0.921
489,intergenic,106,108,tcttc,g,0.235
490,intergenic,59,113,tacccc,tacccc,0.247
491,intergenic,100,107,ATATG,CCTT,0.043
492,intergenic,96,113,aggttg,gtg,0.124
493,intergenic,7,110,actg,tt,0.957
494,intergenic,52,105,tcggg,tc,0.421
495,intergenic,59,116,tcaaaa,tcaaag,0.536
496,intergenic,107,108,aggcaagaa,a,0.739
497,intergenic,107,108,aa,a,0.557
498,intergenic,4,106,AAGCTT,AGG,0.133
499,intergenic,102,108,CCTGCTT,CG,0.072
500,intergenic,67,112,CTG,GG,0.162
501,intergenic,5,104,ttctttt,aag,0.108
502,intergenic,95,107,CATAG,CG,0.073
503,intergenic,93,108,tgttttg,gg,0.437
504,intergenic,46,115,aggttcc,agttcc,0.5
505,intergenic,98,111,ttatt,ttatt,0.788
506,intergenic,54,107,CAGG,CG,0.152
507,intergenic,39,103,CTG,ATG,0.065
508,intergenic,51,108,TTGAA,TCTT,0.033
509,intergenic,15,104,TCCTT,GG,0.886
510,intergenic,12,115,AAGGAG,AA,0.246
511,intergenic,29,105,ATCC,AT,0.062
512,intergenic,18,106,aagaag,aagg,0.076
513,intergenic,16,103,TAG,TTG,0.096
514,intergenic,62,110,gg,agg,0.445
515,intergenic,18,107,TCTT,TCA,0.096
516,intergenic,91,106,ACAG,t,0.14
517,intergenic,57,101,AGTCC,GG,0.114
518,intergenic,54,104,ACCCTG,CG,0.221
519,intergenic,89,108,ATAA,ATCC,0.034
520,intergenic,100,106,TGCTT,CG,0.129
521,intergenic,89,98,ttaag,acc,0.106
522,intergenic,61,104,TCTAT,TAT,0.092
523,intergenic,22,101,TTGG,TTCC,0.043
524,intergenic,8,105,CTCTG,TGG,0.153
525,intergenic,11,104,ATGGG,ACC,0.066
526,intergenic,0,113,cgc,gc,0.473
527,intergenic,57,109,a,t,0.435
528,intergenic,0,89,TGG,G,0.739
529,intergenic,33,106,ACATGAA,ACG,0.145
530,intergenic,95,110,TCCATG,TGG,0.208
531,intergenic,47,114,atgtg,ag,0.773
532,intergenic,88,105,aggcc,aggcc,0.954
533,intergenic,103,109,TAATG,c,0.071
534,intergenic,108,112,tagtgg,t,0.191
535,intergenic,0,107,G,G,0.537
536,intergenic,15,109,TACA,T,0.402
537,intergenic,60,111,CAG,CG,0.178
538,intergenic,102,111,tggtgg,tggtgg,0.865
539,intergenic,63,108,atttc,atttc,0.894
540,intergenic,62,112,TATTGG,CAA,0.068
541,intergenic,68,105,tgcctcc,tccc,0.125
542,intergenic,21,115,ACC,TTG,0.103
543,intergenic,92,109,TGAGG,CG,0.102
544,intergenic,66,110,TGAT,ATAT,0.062
545,intergenic,75,108,CCTG,CG,0.465
546,intergenic,25,108,AATT,AT,0.36
547,intergenic,15,110,TAGTG,TCA,0.118
548,intergenic,50,107,atgg,c,0.147
549,intergenic,100,110,ACAA,CA,0.452
550,intergenic,85,109,AGGG,TGGG,0.092
551,intergenic,56,113,CCTTTG,CGCC,0.073
552,intergenic,28,108,ACT,CG,0.058
553,intergenic,77,115,ATGTG,ACG,0.075
554,intergenic,91,116,AAAGG,ACT,0.081
555,intergenic,68,107,ACA,CGG,0.074
556,intergenic,46,114,attc,attg,0.248
557,intergenic,93,109,CCAG,TAT,0.152
558,intergenic,109,113,TCCAGG,CG,0.079
559,intergenic,61,107,CTACTCC,ATGG,0.04
560,intergenic,68,115,actctg,tctc,0.29
561,intergenic,75,109,AATGAAG,CG,0.25
562,intergenic,15,111,agtc,cc,0.422
563,intergenic,89,107,ttaac,ttaac,0.461
564,intergenic,89,102,ATGATT,ATG,0.119
565,intergenic,47,107,tg,tg,0.938
566,intergenic,84,109,GGG,CG,0.103
567,intergenic,38,108,ATAT,TAA,0.072
568,intergenic,99,109,ACC,TT,0.071
569,intergenic,32,108,CACAG,a,0.136
570,intergenic,93,101,CG,CC,0.566
571,intergenic,100,112,CTTTT,AAG,0.089
572,intergenic,22,109,tg,tg,0.588
573,intergenic,9,112,aac,a,0.353
574,intergenic,68,107,aacacc,tgc,0.118
575,intergenic,99,112,TTAT,AT,0.568
576,intergenic,33,107,CTCACTT,TAT,0.104
577,intergenic,51,117,ttacag,tat,0.138
578,intergenic,94,112,aaaag,aag,0.572
579,intergenic,9,107,ACTAT,ATCT,0.125
580,intergenic,18,104,AACTG,TAT,0.127
581,intergenic,57,109,TAT,TAT,0.068
582,intergenic,95,106,ATCACAG,AA,0.236
583,intergenic,0,107,AAGACT,G,0.442
584,intergenic,68,112,gc,gc,0.985
585,intergenic,3,108,CTTTT,TAT,0.111
586,intergenic,15,115,agatag,aa,0.247
587,intergenic,23,107,AAAAAA,ACA,0.113
588,intergenic,79,108,TGAA,ATT,0.09
589,intergenic,1,108,TAAATT,a,0.048
590,intergenic,91,104,ATAA,CG,0.069
591,intergenic,31,101,CTGCTT,TAT,0.038
592,intergenic,90,112,AACC,ACG,0.038
593,intergenic,83,104,TCAGTAG,ACT,0.083
594,intergenic,23,106,tgtggc,tgtggc,0.512
595,intergenic,11,114,ACTTTCT,ATAT,0.101
596,intergenic,49,111,ttttc,ttttc,0.969
597,intergenic,34,109,acacc,gc,0.25
598,intergenic,32,106,AAGAT,AT,0.406
599,intergenic,32,115,tctgg,g,0.185
600,intron,60,109,CTTCC,TAT,0.086
601,intron,50,107,AGGG,CG,0.109
602,intron,42,104,CAGGAA,ACG,0.063
603,intron,100,107,ACATG,TTG,0.071
604,intron,11,107,ACT,CG,0.059
605,intron,66,112,gtg,gtg,0.587
606,intron,64,111,CGG,ACT,0.117
607,intron,32,107,ATTTTGG,CG,0.098
608,intron,39,107,ATAG,AA,0.131
609,intron,73,111,ACTT,TAT,0.08
610,intron,42,114,TAAAG,AT,0.299
611,intron,43,111,TAGGTGG,TAA,0.088
612,intron,28,107,CG,ATT,0.185
613,intron,12,110,tccttc,acc,0.219
614,intron,11,112,TTG,CG,0.263
615,intron,94,107,CATCAGG,ACA,0.16
616,intron,45,112,accaacc,acc,0.745
617,intron,1,110,ACG,ACG,0.14
618,intron,34,104,ATTTTTCC,TT,0.234
619,intron,86,108,CTAAACC,AA,0.35
620,intron,80,107,taag,gc,0.062
621,intron,89,107,aaagg,aag,0.355
622,intron,7,107,CAG,AA,0.295
623,intron,92,109,ACC,CG,0.424
624,intron,25,108,CGTT,ATCA,0.104
625,intron,73,109,TCT,AA,0.205
626,intron,89,112,CGGCC,CGG,0.166
627,intron,33,107,CGTT,TAT,0.097
628,intron,104,107,ATAAAT,TTAA,0.05
629,intron,6,108,cc,g,0.274
630,intron,67,114,tctc,g,0.275
631,intron,57,116,atg,atg,0.987
632,intron,108,109,TAA,T,0.289
633,intron,74,106,AATAA,TAG,0.055
634,intron,28,108,tttac,aggg,0.16
635,intron,35,113,ACT,TT,0.284
636,intron,88,110,ACAGTCC,CG,0.465
637,intron,20,111,TATG,CG,0.655
638,intron,35,104,AATG,CG,0.074
639,intron,9,112,tcc,tat,0.376
640,intron,100,108,CTGAGG,AA,0.353
641,intron,72,106,TAGG,AT,0.343
642,intron,23,109,TCCTCC,TCC,0.111
643,intron,63,107,aaacc,acc,0.078
644,intron,98,110,CCGAG,TCA,0.075
645,intron,48,114,ttttc,tgtc,0.101
646,intron,98,107,AAGACTT,AAG,0.137
647,intron,35,106,AGGAAAG,CCG,0.31
648,intron,81,110,CAACC,CCAT,0.079
649,intron,102,106,ac,ac,0.363
650,intron,95,105,TCTT,AG,0.067
651,intron,23,109,CAAAA,TGAT,0.178
652,intron,22,110,CACTG,CG,0.205
653,intron,61,112,AAGAA,AA,0.225
654,intron,95,112,ttgg,tttg,0.147
655,intron,36,105,ACATG,ACG,0.097
656,intron,11,106,atatg,taa,0.191
657,intron,112,116,ACTGG,ATAT,0.048
658,intron,54,110,CCTG,CG,0.296
659,intron,12,115,tattcc,tattcc,0.867
660,intron,22,106,CTAGGTG,AT,0.07
661,intron,88,110,TAGGG,TACG,0.132
662,intron,98,107,CAAAAG,TCTT,0.027
663,intron,104,106,AAGAAG,TAA,0.102
664,intron,29,115,aac,aac,0.821
665,intron,16,110,atg,ac,0.369
666,intron,112,117,tatccc,tgtc,0.387
667,intron,61,107,AAAAGG,a,0.065
668,intron,83,95,CATCT,ACT,0.021
669,intron,88,109,AAGTG,TATG,0.029
670,intron,85,105,CTAAG,ACG,0.093
671,intron,12,103,ACAA,AAG,0.05
672,intron,58,109,CAGCAG,TCG,0.077
673,intron,18,115,CAATTTT,TCA,0.108
674,intron,48,105,AAAG,ATT,0.092
675,intron,99,106,CAGATGG,CTT,0.062
676,intron,11,106,ACCGTT,AA,0.276
677,intron,60,110,CTT,CG,0.24
678,intron,104,113,CTCGG,TCTT,0.058
679,intron,18,112,agttccc,agttccc,0.963
680,intron,75,106,CATT,a,0.228
681,intron,8,112,ACTCG,AAG,0.095
682,intron,70,106,CATTTCTG,AT,0.373
683,intron,27,111,TAATT,CG,0.25
684,intron,77,108,ACATACC,GG,0.6
685,intron,94,110,TCACCAG,ACG,0.105
686,intron,51,110,AAGTAA,ACC,0.086
687,intron,82,102,ATAGTG,AT,0.16
688,intron,15,105,CACTCT,c,0.087
689,intron,68,114,tacagc,tag,0.202
690,intron,98,114,tat,tat,0.976
691,intron,11,109,AAAG,CAA,0.127
692,intron,24,114,ATAG,ATAG,0.961
693,intron,51,108,ATCTT,CG,0.079
694,intron,84,112,TCGCG,CGG,0.197
695,intron,99,105,TCCTGG,CG,0.254
696,intron,52,112,ATCTGG,TAA,0.234
697,intron,22,108,CCCCG,CG,0.412
698,intron,15,113,TGGG,CG,0.31
699,intron,56,101,TCATAT,AAG,0.065
700,intron,38,109,CTTCATG,AT,0.201
701,intron,52,104,CATG,AA,0.118
702,intron,41,109,CCTT,CCG,0.052
703,intron,57,111,CTTCC,TCA,0.118
704,intron,38,108,TAAAT,CTAT,0.084
705,intron,13,107,TTGG,CG,0.133
706,intron,94,106,CAAGG,AG,0.129
707,intron,4,108,CAG,AA,0.39
708,intron,34,95,tattc,tattc,0.343
709,intron,86,106,TTGCC,CCG,0.058
710,intron,92,105,AAGTTTG,TT,0.22
711,intron,74,105,TACTT,CC,0.06
712,intron,17,112,tgtac,tgtac,0.775
713,intron,110,112,TATT,CG,0.178
714,intron,75,107,TGGCC,CCG,0.125
715,intron,8,105,AGTT,TAT,0.118
716,intron,73,103,ACAGGG,CTAG,0.036
717,intron,57,105,CTCCTGG,TAA,0.115
718,intron,16,106,CAGAGG,TCG,0.051
719,intron,101,112,gc,gc,0.858
720,intron,6,114,tttc,tttc,0.979
721,intron,45,118,aaatg,atg,0.505
722,intron,12,109,CCGG,CAG,0.089
723,intron,39,121,taa,taa,0.638
724,intron,41,110,TTGCTT,T,0.336
725,intron,8,110,AGGAA,CG,0.132
726,intron,49,105,TGTTGGG,g,0.139
727,intron,26,111,AAAATT,TAT,0.064
728,intron,65,109,tac,ttg,0.122
729,intron,4,106,CCTT,GGG,0.24
730,intron,28,114,TTGGG,CCCG,0.135
731,intron,36,107,atgagg,atgagg,0.5
732,intron,37,103,agagc,agagc,0.625
733,intron,82,109,TACATG,ATG,0.241
734,intron,7,115,TAATG,ATAT,0.076
735,intron,64,108,CACTGGG,TGAG,0.041
736,intron,85,106,TAATG,ATG,0.151
737,intron,16,115,ttaa,g,0.421
738,intron,70,109,tttctc,tttctc,0.827
739,intron,88,104,TCTTTTCC,CCG,0.057
740,intron,44,109,TCCTT,TT,0.262
741,intron,3,110,agcc,c,0.17
742,intron,35,104,CTATTG,CG,0.082
743,intron,69,110,attc,tcc,0.051
744,intron,30,112,AG,G,0.237
745,intron,18,107,atacag,G,0.15
746,intron,60,97,TGTGATT,TCA,0.099
747,intron,53,106,CCAG,ACT,0.064
748,intron,38,107,AAAA,TAA,0.165
749,intron,90,106,TCC,ATT,0.112
750,intron,73,103,CCCAG,c,0.028
751,intron,89,107,aaaaaa,g,0.41
752,intron,18,107,AAAA,TAA,0.095
753,intron,38,114,agtc,agtc,0.678
754,intron,66,110,actg,actg,0.963
755,intron,44,107,CTACT,ACG,0.127
756,intron,12,108,CTTAA,AT,0.692
757,intron,91,112,TTTT,TAT,0.328
758,intron,57,107,TCAA,GG,0.243
759,intron,19,117,tttg,tttg,0.639
760,intron,91,112,taac,taac,0.914
761,intron,71,107,AATTGG,ATAA,0.147
762,intron,60,105,AGGCG,AT,0.05
763,intron,104,106,TCTT,CG,0.381
764,intron,38,114,TCC,TCC,0.998
765,intron,0,106,cc,c,0.525
766,intron,2,107,CCAG,T,0.294
767,intron,76,112,CACC,ATG,0.118
768,intron,91,111,CTACA,CG,0.195
769,intron,61,101,TCATAG,TAT,0.025
770,intron,62,103,agtcc,g,0.452
771,intron,24,105,AGGGAA,CCG,0.068
772,intron,55,112,tatcc,tcc,0.226
773,intron,32,103,tga,aG,0.116
774,intron,37,111,CAAAA,TCA,0.089
775,intron,5,113,CTATT,CAG,0.096
776,intron,57,105,ACA,TCT,0.1
777,intron,43,108,agaggg,tcg,0.183
778,intron,44,108,CACTGAA,ACG,0.073
779,intron,31,112,TCTCTT,ACA,0.177
780,intron,44,108,TTAA,TTAA,0.062
781,intron,60,109,AGTT,TT,0.036
782,intron,46,106,AGAGG,AGG,0.117
783,intron,20,92,CAA,AT,0.333
784,intron,79,108,agcc,agcc,0.647
785,intron,84,108,CATCTT,ACC,0.052
786,intron,74,108,AGTG,a,0.136
787,intron,100,114,aattaa,ttc,0.044
788,intron,35,110,ACCAG,CAA,0.068
789,intron,98,111,CTGTG,CG,0.267
790,intron,18,110,ATG,CG,0.119
791,intron,19,105,AGAT,ATG,0.22
792,intron,56,110,TCTG,ACG,0.039
793,intron,17,112,CAAAG,TCT,0.141
794,intron,46,104,TCAG,TAG,0.094
795,intron,104,109,GGGG,TAT,0.064
796,intron,48,115,CAGGAG,CC,0.22
797,intron,13,105,TTG,CG,0.107
798,intron,14,107,agc,gc,0.36
799,intron,30,108,TGGGGAG,CGG,0.068
800,intron,0,104,ATCAG,G,0.578
801,intron,53,107,TGGTT,CG,0.116
802,intron,117,126,aaagag,agac,0.054
803,intron,2,111,CTATAG,CCG,0.066
804,intron,15,113,aatttaa,tat,0.161
805,intron,86,107,CATTTT,CTAT,0.039
806,intron,56,114,ATACA,TCA,0.133
807,intron,74,109,TGGAAGG,CG,0.223
808,intron,11,113,attc,a,0.541
809,intron,73,113,aatc,tag,0.093
810,intron,95,109,gggc,cc,0.304
811,intron,15,110,tttg,ttc,0.217
812,intron,71,110,TCCCC,ACG,0.073
813,intron,101,108,ataaaac,tttt,0.332
814,intron,75,106,CCAG,CCG,0.085
815,intron,23,106,ATTG,ATAT,0.044
816,intron,27,104,TACATT,CC,0.261
817,intron,7,108,ACTAA,GG,0.263
818,intron,91,111,CTGCC,GGG,0.154
819,intron,35,111,TAAGTT,ATT,0.256
820,intron,89,109,T,g,0.249
821,intron,7,105,CTCTG,AA,0.049
822,intron,57,110,ACAG,TAG,0.073
823,intron,59,114,TATGTT,TGG,0.086
824,intron,49,106,ATTG,CG,0.071
825,intron,27,112,ATTCC,CG,0.157
826,intron,91,106,attgc,attgc,0.308
827,intron,100,117,actg,actg,0.671
828,intron,40,103,ATACT,TCA,0.089
829,intron,99,107,CTAT,AAG,0.085
830,intron,63,115,AG,TG,0.217
831,intron,26,99,CCAT,TAT,0.087
832,intron,62,113,agag,agg,0.402
833,intron,16,114,ATAAATT,TAG,0.102
834,intron,72,113,TTG,ACA,0.052
835,intron,32,120,ttaaag,gg,0.045
836,intron,83,105,CTAAG,TAA,0.185
837,intron,76,110,acagaa,taa,0.081
838,intron,91,106,TGAT,Cc,0.248
839,intron,28,107,TAAAACC,ATT,0.078
840,intron,12,110,CAATGG,AG,0.297
841,intron,45,107,atttt,ac,0.205
842,intron,34,110,cccg,ac,0.087
843,intron,5,100,AAGGAG,AA,0.101
844,intron,81,104,acac,acac,0.366
845,intron,68,106,aaaaatc,agaa,0.067
846,intron,46,106,TCTG,ACC,0.091
847,intron,24,113,TCAG,CG,0.098
848,intron,65,106,tgtgg,g,0.159
849,intron,9,111,ttgg,tctg,0.596
850,intron,55,108,CTCC,ACG,0.054
851,intron,29,103,ACCTTCC,AT,0.294
852,intron,113,117,taa,taa,0.705
853,intron,108,112,ATCAG,AG,0.17
854,intron,4,110,CAGAG,ACG,0.174
855,intron,32,105,CAgg,c,0.191
856,intron,64,112,tttt,tttt,0.145
857,intron,17,107,CAGGGAG,AG,0.256
858,intron,95,109,ATCACC,ACA,0.068
859,intron,48,105,ACGGG,t,0.068
860,intron,10,105,AGTCC,CAA,0.078
861,intron,84,108,CAGCC,a,0.136
862,intron,25,107,TCTG,ACA,0.066
863,intron,62,117,CCATT,attc,0.186
864,intron,88,114,ttgcc,ttgcc,0.299
865,intron,85,109,ACTAA,CG,0.17
866,intron,58,112,actg,acc,0.369
867,intron,26,108,tgatc,tgatc,0.963
868,intron,48,105,CTGTGAG,CCG,0.165
869,intron,76,112,tccaac,aac,0.186
870,intron,32,114,ttttc,tcc,0.507
871,intron,97,108,ACCAGGG,AG,0.241
872,intron,104,110,acgtggg,acg,0.427
873,intron,98,105,AAGGCC,CG,0.144
874,intron,0,103,CCATG,G,0.506
875,intron,20,110,TAAGG,TACA,0.124
876,intron,54,101,ACAGAAAA,CG,0.115
877,intron,5,107,ACT,ACT,0.297
878,intron,91,108,CCCCG,CG,0.113
879,intron,80,106,CAGG,G,0.185
880,intron,68,107,CTG,CG,0.094
881,intron,94,102,tgtgtgtg,tatg,0.286
882,intron,4,100,atcttc,atcttc,0.214
883,intron,101,110,TACTG,GGG,0.561
884,intron,2,109,CAAAG,t,0.236
885,intron,52,118,ttctc,tttcc,0.151
886,intron,22,107,AAAA,CC,0.175
887,intron,100,113,atacc,atacc,0.841
888,intron,52,111,att,att,0.108
889,intron,36,114,CTCTCC,TAA,0.157
890,intron,73,109,TCG,CG,0.175
891,intron,73,96,tcccatgg,tcccatgg,0.869
892,intron,82,120,ACTCTT,CCAT,0.016
893,intron,16,120,ggc,tag,0.019
894,intron,84,109,TCTGG,CG,0.104
895,intron,77,115,TACA,ACG,0.027
896,intron,72,106,ATTTAG,CTT,0.089
897,intron,109,110,aa,a,0.387
898,intron,0,112,aaaa,c,0.523
899,intron,50,106,TGGG,CC,0.364
